Total,PortuguêsO1,MatemáticaO1,LiteraturaO1,HistóriaO1,GeografiaO1,FísicaO1,QuímicaO1,BiologiaO1,PortuguêsD1,MatemáticaD1,LiteraturaD1,HistóriaD1,GeografiaD1,FísicaD1,QuímicaD1,BiologiaD1,PortuguêsO2,Matemática02,LiteraturaO2,HistóriaO2,GeografiaO2,FísicaO2,QuímicaO2,BiologiaO2,PortuguêsD2,MatemáticaD2,LiteraturaD2,HistóriaD2,GeografiaD2,FísicaD2,QuímicaD2,BiologiaD2
233.75,2,2,4,5,5,1,2,3,6.0,5.5,1.5,4.75,4.75,0.0,0.5,4.25,5,2,1,5,4,4,2,1,0.75,0.5,3.0,3.25,7.25,0.0,0.0,5.0
236.5,3,2,2,4,5,2,3,2,8.0,6.5,2.0,4.0,3.0,0.0,0.5,3.0,3,2,4,2,3,0,1,3,8.0,2.5,1.25,2.75,7.75,0.0,1.5,3.75
425.0,3,3,4,4,4,3,4,3,7.75,8.5,5.25,4.75,7.5,3.75,3.5,7.0,3,4,3,4,5,4,3,5,7.75,0.0,5.5,7.0,8.5,4.25,9.5,7.5
166.5,3,1,1,5,2,0,1,2,8.5,4.75,5.5,3.5,2.25,0.0,0.0,1.0,4,1,1,2,5,0,1,0,6.0,0.0,0.25,4.25,3.5,0.0,0.0,0.5
288.25,2,2,3,3,4,3,3,2,8.25,9.5,2.0,1.5,2.5,0.0,3.0,2.0,3,3,3,3,4,2,3,3,3.5,5.0,2.5,6.0,7.5,6.25,6.0,1.5
414.25,3,3,4,5,5,3,5,4,5.75,9.5,5.5,5.75,4.0,9.25,6.0,6.0,3,4,4,5,4,3,3,3,6.0,7.75,2.5,6.0,3.5,0.0,9.5,8.0
122.25,2,0,1,3,2,2,2,1,5.5,1.0,3.25,1.75,1.75,0.0,0.5,2.5,2,2,1,3,3,0,0,4,0.0,0.0,0.5,1.25,3.0,0.0,0.75,0.75
330.5,2,1,3,4,4,3,5,3,3.5,9.25,5.5,4.0,6.5,8.5,7.0,3.0,5,2,3,5,5,2,2,4,9.75,0.75,4.0,3.0,7.5,2.0,5.0,2.0
187.75,5,2,5,3,4,2,2,2,3.5,3.0,4.25,4.0,0.75,0.0,1.5,2.0,3,2,1,3,4,0,1,0,4.0,3.0,2.75,3.5,6.0,0.0,0.0,0.0
75.5,2,1,1,1,1,1,1,1,0.25,0.0,0.0,0.0,0.0,0.0,0.0,0.0,1,2,3,2,3,3,2,3,0.0,0.0,0.0,0.0,0.0,0.0,0.0,0.0
155.5,4,0,2,4,4,2,2,1,0.5,1.0,4.25,1.75,2.0,0.0,0.0,5.75,3,2,2,5,3,1,1,3,1.5,0.0,0.25,3.5,0.0,0.0,2.0,1.75
280.75,3,2,3,4,5,3,2,3,9.25,7.75,1.25,3.5,6.25,3.75,3.75,3.75,1,1,3,4,4,2,3,5,2.5,1.5,1.0,4.5,7.0,5.75,3.0,2.5
130.5,1,1,2,5,2,1,1,2,0.25,0.5,1.25,3.25,4.5,0.0,0.25,0.5,3,3,0,2,4,1,2,2,0.25,0.0,0.25,3.25,2.0,0.0,2.0,1.75
229.25,2,3,3,5,3,1,3,1,4.25,1.0,4.25,4.0,4.5,0.0,0.5,2.0,3,2,5,4,4,0,3,3,6.0,0.0,0.5,6.5,8.5,0.0,1.75,1.5
218.0,3,0,3,3,3,3,1,2,4.0,1.5,1.25,3.25,4.0,3.5,2.5,5.75,2,2,3,5,3,4,1,5,4.25,1.25,0.0,4.5,4.25,0.0,3.5,0.75
135.75,0,2,4,3,4,1,1,2,1.75,3.75,1.25,1.75,2.75,0.0,3.5,2.0,1,2,1,1,3,0,1,3,0.0,0.0,0.0,5.0,5.25,0.0,0.0,0.5
250.5,2,2,3,4,4,2,4,2,7.0,3.0,4.0,4.25,4.5,0.0,6.0,3.0,3,1,4,4,4,0,3,2,6.5,0.5,1.75,4.0,8.0,0.25,2.0,3.0
142.25,3,0,3,3,3,3,2,3,3.5,0.25,0.75,2.5,3.75,0.0,1.0,0.0,1,2,2,2,5,1,0,1,4.0,0.0,0.25,1.75,3.5,0.25,2.0,0.5
93.25,3,0,4,3,2,4,2,2,2.75,0.0,1.5,1.0,3.25,0.0,0.5,0.0,2,1,0,1,2,0,0,1,0.0,0.0,0.0,0.75,4.0,0.0,0.0,0.0
107.25,3,4,1,1,3,1,2,2,0.5,0.5,1.75,0.75,3.5,0.0,0.0,0.0,2,2,3,2,1,1,0,4,1.5,0.0,0.75,2.0,0.0,0.0,0.0,0.5
214.25,1,1,3,5,3,1,3,3,4.75,2.5,2.5,4.0,4.5,0.0,1.0,3.75,3,2,3,4,3,0,1,5,1.75,0.0,4.5,3.5,8.0,1.0,2.0,1.0
239.5,3,1,4,4,3,1,2,3,6.0,3.5,5.5,3.25,2.75,2.0,3.0,3.0,4,2,4,4,3,1,2,4,1.5,1.0,0.75,4.25,8.0,0.0,5.0,2.0
225.75,3,2,3,4,4,2,3,1,3.0,1.0,4.75,5.0,5.75,0.0,1.0,5.5,2,3,5,1,3,0,0,3,7.75,0.0,2.75,5.25,6.25,0.0,1.5,2.75
177.25,3,2,3,4,3,1,1,2,1.75,0.0,4.25,0.25,3.0,0.0,0.5,4.0,3,2,4,4,4,0,3,3,3.25,0.0,0.0,1.0,6.75,0.0,1.5,1.75
301.0,5,3,4,5,5,1,4,2,6.5,7.5,6.25,6.5,4.5,5.0,2.0,5.25,3,3,3,4,3,2,2,2,8.25,1.0,0.25,6.25,7.0,0.0,5.5,1.75
170.25,2,2,3,4,3,1,3,3,1.75,0.75,4.0,3.5,3.25,0.0,4.0,3.0,1,0,3,4,4,1,1,3,1.75,0.5,0.0,1.5,4.0,0.0,1.5,3.0
214.5,2,0,3,4,4,3,4,3,8.0,2.0,6.0,4.25,3.25,2.0,4.0,4.5,4,1,3,4,4,1,1,0,2.0,0.75,0.0,5.0,4.5,0.0,1.5,1.75
176.5,4,0,3,4,1,1,2,1,1.5,1.0,5.0,5.0,4.5,0.0,1.5,0.5,3,1,3,3,3,2,3,1,2.25,0.0,2.5,3.25,5.5,0.0,0.0,3.0
291.5,2,0,4,5,3,2,4,2,2.75,1.0,6.5,5.0,5.0,1.75,5.25,5.75,3,1,4,3,3,2,2,3,9.5,0.0,4.75,7.75,4.0,5.0,3.5,5.0
264.75,3,2,3,4,3,1,2,1,6.0,5.0,5.25,4.25,4.5,2.25,2.0,2.75,4,3,3,4,4,3,3,2,5.25,0.0,4.75,5.0,6.75,0.0,4.5,2.0
96.25,1,2,2,3,2,1,0,1,0.0,0.0,0.0,0.75,1.0,0.0,1.0,0.0,3,0,4,3,2,0,1,2,0.0,0.0,0.0,2.5,3.25,0.0,1.5,0.0
325.5,3,2,4,5,4,4,5,4,1.75,7.0,4.5,3.5,6.25,4.75,6.0,7.25,4,1,3,4,2,1,4,4,5.75,5.5,1.75,5.25,7.75,3.25,6.5,1.75
104.75,3,3,2,1,4,1,1,0,1.0,0.5,2.0,1.5,2.0,0.0,0.0,0.0,2,0,3,2,1,0,1,2,0.0,0.0,2.5,4.5,2.25,0.0,0.0,0.0
85.75,3,1,1,1,3,0,1,0,0.75,0.0,0.25,0.25,2.75,0.0,0.0,0.0,2,1,0,1,2,1,1,2,1.0,0.0,0.25,2.75,3.25,0.0,2.0,0.0
170.0,3,3,2,4,3,2,2,1,2.75,0.5,4.5,3.25,1.25,0.0,1.75,2.25,1,3,1,1,4,0,3,3,5.0,0.0,0.25,4.75,3.5,0.0,2.0,1.0
191.0,2,1,2,5,4,1,3,1,5.5,2.0,4.0,4.25,4.0,1.5,0.5,1.5,3,1,2,3,2,1,1,4,5.25,0.25,0.25,3.75,6.5,0.0,2.0,0.5
258.0,1,3,2,4,3,2,3,2,5.0,3.0,3.25,3.5,6.0,6.0,6.25,2.5,1,2,4,3,3,1,2,4,3.75,1.0,0.0,8.0,9.5,1.0,3.5,2.25
358.0,2,1,4,4,3,4,2,3,3.75,8.25,5.5,7.25,7.5,0.0,3.5,5.25,4,3,2,5,3,2,3,3,7.5,6.0,0.75,8.25,8.0,1.75,8.0,4.75
182.75,3,1,2,2,4,3,2,2,1.75,0.5,4.5,3.25,4.25,0.75,1.5,0.75,4,1,2,3,3,0,1,2,3.5,0.0,1.0,5.75,6.5,0.0,3.0,1.0
250.25,3,1,4,4,3,1,2,1,1.5,4.5,4.75,6.5,6.5,4.0,1.5,5.25,2,3,5,2,4,0,1,3,3.25,1.75,4.75,7.25,6.25,0.0,4.25,0.25
187.75,5,0,3,3,2,3,2,3,3.75,1.0,3.75,1.25,4.5,0.0,1.0,0.25,4,3,2,3,5,1,1,3,0.25,0.0,0.0,5.0,6.5,0.0,1.5,3.0
187.0,2,0,1,4,4,1,1,2,7.75,0.0,6.0,3.25,4.75,0.0,1.5,2.0,1,2,2,4,4,1,2,4,3.25,0.25,0.0,2.25,6.75,0.0,1.5,1.5
89.25,2,0,2,2,2,1,0,2,0.25,0.0,5.75,1.25,3.5,0.0,0.0,1.5,2,0,1,2,3,1,0,0,0.0,0.0,0.75,1.0,2.0,0.0,1.5,0.0
255.5,1,2,4,2,2,2,1,5,3.25,4.25,6.0,2.0,5.5,0.0,4.5,2.25,2,1,4,5,4,4,2,3,3.5,1.5,0.0,7.5,5.75,0.0,5.5,5.25
409.75,5,4,2,5,4,3,4,2,3.5,9.0,6.5,6.25,9.0,6.5,3.25,5.5,5,3,4,3,5,2,4,3,5.5,7.0,6.0,7.25,6.75,8.0,9.0,5.75
201.5,3,2,3,4,3,1,1,1,5.5,2.75,5.25,6.5,4.5,0.0,1.0,2.5,1,3,2,3,3,2,1,1,3.5,0.0,3.75,4.25,5.75,0.0,1.5,1.75
121.0,1,1,2,4,4,2,2,1,4.5,1.25,5.5,1.25,1.25,0.0,0.5,0.0,2,2,3,2,2,0,2,2,0.0,0.25,0.75,0.75,2.25,0.0,0.5,0.0
123.25,3,1,4,3,2,0,1,2,2.0,0.0,0.5,1.75,1.25,0.0,0.5,0.25,4,2,3,2,3,1,1,0,1.0,0.0,0.0,3.75,4.75,0.0,0.0,0.75
309.5,2,1,2,4,4,2,4,1,4.75,9.0,6.0,2.0,2.5,2.25,2.5,2.25,4,4,4,3,4,1,5,4,3.0,2.0,5.0,8.25,8.25,3.0,8.5,2.0
250.25,3,0,2,5,3,2,3,2,8.0,0.0,6.0,3.25,5.5,2.25,6.0,4.0,3,3,3,3,3,3,2,5,3.0,0.0,0.0,4.0,7.75,0.0,4.5,2.5
283.25,1,1,2,4,3,1,2,1,4.75,4.0,5.75,4.0,4.0,3.5,1.5,5.0,3,2,3,4,5,2,3,3,3.25,2.0,3.0,5.25,9.0,1.0,7.5,6.75
245.75,3,2,4,3,4,4,4,1,4.5,0.25,4.5,7.0,6.5,0.0,0.5,3.0,3,2,4,4,5,1,2,5,4.75,0.0,0.0,4.75,4.75,0.0,3.75,3.75
173.5,3,0,1,4,4,3,2,3,3.25,0.5,5.75,4.75,5.75,0.0,2.0,1.25,1,2,4,2,4,0,1,2,2.75,0.0,0.0,2.5,6.0,0.0,1.5,0.25
265.25,3,1,4,5,2,2,3,4,5.25,2.0,2.5,5.0,5.5,2.0,9.5,4.5,4,2,2,3,3,1,1,4,6.0,0.5,3.5,7.25,5.25,0.0,2.5,3.25
343.0,2,4,4,5,4,5,3,2,5.5,8.5,4.25,3.0,2.75,2.0,5.25,4.0,3,3,4,5,5,3,4,2,7.0,6.5,2.25,4.75,8.5,2.25,9.0,2.25
317.5,3,2,3,5,3,3,4,5,5.75,1.0,4.5,6.25,6.75,0.0,5.5,7.25,4,2,5,5,4,2,2,5,8.0,0.0,4.0,5.75,6.25,0.5,6.5,2.5
271.75,2,3,4,3,3,3,2,3,7.75,6.75,5.25,4.25,4.5,0.75,5.5,2.0,2,1,3,3,3,2,3,3,7.25,1.75,1.0,6.0,5.75,2.5,5.5,1.0
173.5,3,0,3,3,3,0,2,2,2.75,5.0,3.5,3.0,3.75,0.75,0.5,0.5,2,3,2,1,2,2,2,1,6.0,0.0,0.0,1.5,6.25,0.0,4.5,0.75
170.75,3,0,3,3,5,1,3,2,2.0,0.5,5.25,3.25,5.25,0.0,2.0,2.5,3,3,3,2,3,0,3,1,0.5,0.0,0.25,2.25,4.5,0.0,3.5,0.75
116.0,2,2,3,1,5,1,0,2,2.0,0.5,1.5,0.0,2.0,0.0,1.75,2.0,3,3,1,0,3,1,1,2,0.75,0.0,0.0,3.25,2.0,0.0,1.5,0.0
80.25,2,0,4,2,1,1,1,1,2.0,0.0,4.0,0.5,1.0,0.0,0.5,1.0,2,0,1,1,2,2,0,2,0.0,0.0,0.0,1.0,1.25,0.0,0.0,0.5
141.75,2,0,2,2,4,0,0,2,3.0,3.0,5.25,2.5,2.0,0.0,1.5,0.0,3,2,3,3,2,1,2,1,0.75,1.75,0.25,1.5,3.5,0.0,2.0,1.0
182.0,4,1,3,2,3,2,3,1,3.25,1.5,1.5,3.5,3.75,1.5,1.0,1.25,3,2,2,1,4,3,1,3,5.25,0.0,0.75,2.5,6.75,0.0,1.5,0.75
174.75,5,0,3,5,3,4,4,1,5.0,1.25,5.75,3.0,2.75,0.0,1.5,0.0,4,3,1,2,4,1,2,3,3.0,0.0,0.25,2.0,3.5,0.0,0.0,0.0
78.0,2,1,1,2,0,1,0,2,0.75,0.5,2.75,2.0,1.5,0.0,0.0,0.75,1,1,2,3,2,1,1,1,0.0,0.0,0.0,0.0,2.5,0.0,0.0,0.0
203.5,1,0,4,5,2,2,1,1,0.5,0.25,1.5,0.0,2.75,0.0,1.5,3.5,2,2,5,4,3,1,1,3,5.5,0.25,4.5,7.0,6.75,1.5,1.5,2.5
150.25,1,2,2,5,4,3,1,2,2.25,0.0,3.5,2.75,2.25,0.0,1.5,2.75,2,2,2,3,4,1,1,1,0.75,0.0,0.0,2.0,6.25,0.0,1.5,0.25
158.25,1,1,2,4,3,1,2,2,5.75,0.25,6.0,3.0,2.5,0.0,1.0,4.5,3,1,3,2,2,1,1,2,4.25,0.0,0.25,3.5,2.75,0.0,0.0,1.0
233.75,3,2,3,5,4,3,2,2,6.5,6.25,5.5,5.75,3.0,0.0,2.5,7.5,2,1,4,2,3,1,2,1,2.5,0.0,0.25,6.25,5.0,1.0,3.5,2.75
232.75,1,2,3,5,3,1,4,3,2.25,3.75,5.75,4.5,4.75,1.5,1.0,4.5,2,2,3,3,4,2,2,2,5.25,0.75,0.25,6.75,6.0,0.0,4.0,1.25
165.25,2,1,1,5,2,1,2,1,1.0,0.5,4.5,2.75,2.75,0.0,0.5,2.75,1,2,5,2,3,1,1,3,3.0,0.0,1.25,3.75,4.25,0.0,2.5,2.5
256.0,1,1,2,5,4,2,1,2,1.75,6.75,4.75,6.0,2.0,6.0,5.0,2.75,4,2,2,4,4,1,2,2,3.25,2.25,0.0,6.5,8.0,3.75,3.0,2.25
230.25,2,3,5,5,3,3,3,0,6.25,3.75,4.75,4.25,2.25,0.0,1.0,1.0,2,3,3,4,3,2,2,5,7.25,0.0,1.0,6.75,3.75,0.0,0.0,2.5
248.0,4,1,4,5,3,3,2,2,0.5,6.75,4.75,3.5,4.25,0.0,2.5,2.75,1,5,4,5,3,1,2,3,3.75,5.0,0.5,6.0,7.25,0.0,1.5,2.0
362.5,4,5,4,5,4,3,3,0,7.25,9.0,3.5,4.5,5.5,1.75,9.0,4.0,3,3,5,3,3,4,3,5,5.75,0.0,0.5,5.5,9.0,2.75,5.5,4.5
200.25,2,0,3,5,3,2,4,0,0.75,0.0,5.0,2.25,2.25,0.0,1.5,1.5,3,1,3,3,5,1,1,3,7.0,0.0,1.75,4.5,7.5,0.0,3.0,1.5
281.25,1,2,2,4,3,1,3,3,2.75,4.75,5.5,4.5,3.5,9.5,5.0,4.0,3,2,4,4,4,2,2,3,5.0,3.75,0.5,7.25,7.75,0.0,4.5,2.0
250.25,4,2,4,5,0,5,2,2,4.75,8.25,2.0,3.5,3.25,0.75,7.0,3.0,3,3,2,4,4,1,2,1,7.25,1.0,0.0,0.25,9.0,2.0,4.0,2.25
253.25,3,2,3,4,3,3,2,3,4.25,4.0,4.5,3.5,3.25,2.0,2.75,3.25,4,1,3,4,3,2,0,2,8.75,2.5,3.5,7.75,6.75,0.0,1.5,1.0
182.5,2,0,2,3,2,2,2,2,5.75,3.0,4.25,4.75,6.0,0.0,1.5,3.0,3,2,2,2,3,1,2,1,3.0,0.0,0.0,2.0,9.0,0.25,1.5,0.25
321.5,4,3,3,5,3,2,3,2,3.75,7.5,4.75,5.75,3.25,6.25,2.0,5.75,4,3,5,4,4,3,2,5,6.25,6.25,1.25,7.25,7.75,3.0,0.0,2.75
243.0,4,1,3,5,3,4,2,1,7.0,2.75,5.75,1.25,4.5,0.0,1.25,4.0,3,4,4,4,4,2,2,3,2.0,2.25,0.0,4.0,8.0,0.0,4.5,1.25
123.5,2,3,2,2,2,1,1,2,0.0,1.0,1.75,1.75,0.0,0.25,0.0,0.0,1,4,4,1,4,2,2,2,3.0,0.0,0.0,1.0,4.0,0.0,0.0,0.0
90.75,2,3,2,0,2,0,1,0,2.25,0.0,1.75,2.5,1.0,0.0,0.5,0.0,3,1,2,3,3,0,0,0,0.0,0.0,0.0,2.75,1.0,0.0,1.5,1.0
154.0,2,1,1,3,1,3,1,3,4.75,0.5,4.25,1.5,2.0,0.0,0.0,1.0,4,1,1,4,4,0,2,3,3.25,0.0,0.0,2.5,6.5,0.0,0.5,0.25
382.75,3,2,4,5,4,5,4,4,5.5,8.25,5.25,5.5,6.5,6.0,6.75,7.5,3,4,3,4,4,3,3,3,5.5,5.0,0.5,8.25,7.75,9.75,7.5,1.5
365.5,3,0,4,5,4,1,3,3,8.5,6.75,4.75,4.0,6.5,3.5,9.75,5.0,3,3,5,5,3,2,3,3,7.5,5.75,0.5,7.75,9.25,6.5,7.0,2.75
97.75,2,2,1,1,2,2,1,2,1.75,2.5,1.25,0.0,2.0,0.0,0.5,2.0,1,1,1,1,2,3,0,2,1.5,0.0,0.75,1.0,3.0,0.0,0.0,0.0
334.5,4,3,3,5,4,3,4,2,6.0,9.0,5.75,2.5,5.75,6.5,5.5,7.5,4,1,3,3,4,2,2,4,6.75,5.0,1.0,7.0,8.25,2.0,3.5,4.0
202.25,2,1,2,3,2,2,1,2,6.0,6.0,4.5,3.5,3.25,0.0,4.0,6.75,3,1,4,4,3,0,1,4,3.0,0.0,0.0,2.0,3.0,0.0,3.25,3.5
246.0,3,1,4,3,2,0,2,1,5.75,1.0,5.25,4.25,2.0,5.5,5.0,5.5,4,3,3,3,3,0,0,2,8.25,1.0,2.75,4.25,7.0,2.0,3.25,2.0
211.0,2,2,2,3,4,1,1,3,3.0,2.75,3.5,4.0,7.0,0.0,1.5,3.5,2,3,1,3,3,1,1,2,4.25,0.0,1.25,6.0,8.0,0.0,1.5,4.5
194.75,2,0,2,2,2,3,2,3,3.5,7.75,2.75,1.5,4.25,0.0,3.5,3.0,3,1,1,2,3,2,2,5,4.25,0.0,0.25,2.75,5.75,0.0,1.5,3.25
252.5,3,2,2,4,2,2,4,2,6.0,0.0,5.0,3.5,6.0,0.0,0.5,3.0,3,5,3,2,4,1,2,3,6.5,0.5,1.25,4.25,6.5,0.0,3.0,2.5
165.25,2,0,3,4,4,1,3,2,1.75,0.5,6.5,3.75,2.0,0.0,1.0,2.0,3,2,3,3,4,1,2,1,1.5,0.0,0.0,3.0,5.75,0.0,0.0,1.5
142.5,4,3,1,2,3,0,2,2,5.75,1.25,3.25,1.0,3.0,0.0,1.0,3.0,1,1,3,0,4,1,0,3,1.5,0.0,0.75,3.0,3.25,0.0,1.5,1.0
184.75,2,2,4,3,4,2,1,2,5.0,4.25,4.25,4.5,3.5,0.0,1.0,2.25,3,1,3,2,3,1,1,3,1.75,0.0,0.5,3.5,5.5,0.0,3.5,0.0
84.0,2,1,1,1,3,0,3,2,6.0,0.0,0.5,1.0,1.5,0.0,0.25,0.25,2,0,2,1,1,2,0,0,0.25,0.0,0.25,3.0,0.0,0.0,1.5,0.0
236.75,4,2,4,4,3,2,3,3,4.5,3.25,5.25,4.25,5.0,0.25,6.25,3.5,3,2,2,3,4,0,1,2,2.5,0.5,1.5,6.5,7.75,0.0,3.5,1.5
155.0,2,0,4,4,4,2,1,1,3.25,3.25,2.75,3.25,3.0,0.0,0.5,0.0,2,1,1,5,3,1,2,1,0.0,0.0,2.75,3.75,6.5,0.0,0.0,0.0
122.75,0,2,3,2,1,1,1,3,2.25,0.5,4.5,0.25,3.5,0.0,1.5,1.0,2,0,2,1,2,3,1,3,2.5,0.0,0.0,1.25,4.25,0.5,0.0,0.75
189.75,5,2,4,4,2,2,3,1,5.25,2.0,4.0,2.75,4.5,0.0,0.5,0.0,2,0,4,3,4,1,3,3,1.5,0.0,2.75,3.5,5.5,0.0,1.5,0.5
80.25,1,2,3,1,2,0,0,2,0.75,0.0,1.0,0.5,0.0,0.0,0.0,1.0,0,0,3,1,3,1,1,4,0.0,0.0,0.25,4.0,0.0,0.0,0.0,0.0
114.0,1,2,2,1,1,0,0,2,3.5,0.0,5.5,0.25,1.75,0.0,0.0,1.0,1,1,2,2,3,0,0,2,2.5,0.0,2.75,3.5,2.25,0.0,1.5,0.5
345.0,4,1,4,5,3,2,4,3,5.5,7.0,7.0,2.25,5.0,3.5,6.0,6.0,3,3,5,5,4,1,3,4,6.0,5.0,1.25,8.0,8.25,0.0,8.0,5.0
218.0,2,0,3,4,4,2,1,0,5.0,5.0,4.0,3.25,5.5,4.0,0.0,4.0,5,2,2,2,4,2,1,2,3.5,0.0,5.25,4.0,6.25,0.0,1.5,1.0
91.25,4,0,2,2,3,0,0,0,0.0,5.0,4.25,1.0,0.0,0.0,0.0,0.0,2,0,1,2,4,1,0,2,0.0,0.0,0.0,0.25,3.5,0.0,0.0,0.5
110.0,2,2,2,1,4,2,3,3,0.0,1.0,3.5,1.5,1.75,0.0,0.0,2.0,1,1,1,2,3,0,0,2,0.5,0.0,2.25,2.0,2.0,0.0,0.0,0.75
248.25,3,2,3,5,2,3,2,1,2.0,5.5,5.75,4.75,4.75,2.0,4.5,3.0,1,1,2,5,4,3,2,5,0.75,5.0,0.5,4.0,8.5,2.25,1.5,1.75
142.75,2,1,2,4,3,2,0,1,0.75,0.25,4.0,3.75,2.25,0.0,1.0,0.5,3,1,1,3,2,2,0,4,2.5,0.0,0.25,1.0,8.5,0.0,0.0,1.0
232.0,4,1,3,4,4,1,1,0,3.25,1.25,1.5,6.5,7.5,2.25,2.75,2.5,2,3,3,2,2,0,2,3,5.0,2.0,3.5,7.75,6.25,0.0,2.75,2.75
222.0,1,3,3,3,4,4,3,1,0.5,8.0,4.75,4.75,0.0,3.75,0.5,3.0,4,1,4,1,4,1,1,1,5.5,2.5,0.75,3.5,8.5,0.0,4.75,0.0
263.0,3,0,2,5,5,0,2,3,6.0,6.5,1.25,4.5,4.0,2.0,2.5,4.5,5,2,5,4,5,1,0,4,4.0,3.0,2.5,4.5,7.0,0.0,1.75,4.75
141.25,2,1,3,4,4,0,2,1,0.25,0.0,0.75,3.0,1.25,0.0,0.5,0.25,1,0,1,2,3,3,3,2,2.5,0.0,2.75,1.25,6.25,0.0,1.5,2.5
265.0,3,0,2,5,3,2,2,1,6.0,7.0,3.75,4.0,3.0,8.25,4.5,2.25,4,2,5,4,4,1,4,4,6.25,1.25,0.25,3.25,6.5,0.25,2.75,2.0
183.25,3,1,5,4,1,2,0,1,7.25,1.0,1.25,2.0,2.75,0.75,2.0,2.5,2,1,2,1,3,4,2,0,8.25,0.0,0.0,3.75,5.5,0.0,1.75,2.5
229.0,2,1,3,4,2,2,3,1,3.25,5.0,1.0,2.25,2.0,0.0,3.5,0.0,3,3,3,3,4,1,3,4,4.0,3.0,0.25,3.5,7.5,2.0,6.5,2.25
155.5,3,1,2,4,4,1,1,1,4.5,1.0,0.75,1.5,1.75,0.0,1.0,0.0,3,3,2,3,3,0,2,3,3.0,1.25,0.0,3.75,3.5,0.0,1.5,1.5
220.5,5,0,2,5,3,1,2,1,5.75,1.0,1.75,5.0,5.5,0.0,6.0,4.0,3,3,2,3,3,3,3,3,1.75,0.5,0.5,3.0,7.5,0.75,3.0,1.5
121.5,2,3,0,3,2,1,2,1,1.0,0.0,2.25,2.25,1.75,0.0,1.25,0.0,1,1,3,2,3,1,1,1,4.75,0.0,1.0,0.75,5.25,0.0,0.0,0.75
408.75,3,4,4,5,5,3,3,3,9.75,6.5,6.25,5.25,8.25,8.0,6.0,5.5,5,3,1,4,4,4,4,4,5.0,7.75,4.0,8.75,7.25,7.0,5.0,5.5
340.25,4,1,4,5,2,4,4,2,9.5,7.5,6.25,5.5,6.25,4.0,9.0,6.5,3,3,3,4,4,2,1,3,7.5,3.5,3.25,5.25,7.25,2.25,3.5,4.25
188.25,1,0,1,3,4,3,3,0,5.75,4.0,4.75,4.5,2.0,0.0,1.5,0.0,2,1,2,3,1,2,2,3,5.75,0.25,2.0,5.0,6.0,0.0,2.5,0.25
240.75,4,1,4,4,4,1,2,2,7.0,5.0,6.5,5.75,2.75,0.0,1.5,2.0,2,1,5,5,2,2,2,2,3.0,0.5,3.0,8.75,6.5,0.0,0.0,2.5
254.0,2,1,3,4,3,2,4,2,3.25,6.25,4.5,3.75,4.25,2.5,0.75,2.75,1,2,3,4,3,1,3,4,3.5,5.0,2.0,5.0,8.5,0.25,2.5,4.25
333.75,5,2,3,4,4,0,2,2,6.75,0.0,4.5,4.5,4.75,3.25,7.25,6.0,3,3,1,5,4,3,3,4,7.5,6.5,2.5,3.25,6.5,6.5,5.0,1.5
109.5,3,1,1,2,4,1,1,3,2.0,0.5,1.0,0.5,0.75,0.0,1.0,0.0,2,1,1,2,3,1,0,3,1.5,0.0,0.0,2.25,3.75,0.0,0.0,1.5
82.75,2,0,1,0,3,0,0,3,0.0,0.0,1.5,0.25,4.5,0.0,0.0,1.0,1,2,2,1,2,2,0,2,0.5,0.0,0.0,1.25,1.5,0.0,1.5,0.0
132.5,2,2,2,4,3,2,1,1,0.5,0.0,4.5,0.25,4.75,0.0,1.0,0.0,3,0,2,3,4,1,1,2,2.0,0.0,0.25,2.25,3.5,0.0,1.5,0.0
220.0,2,2,4,3,4,2,3,0,3.5,2.5,1.75,2.25,4.5,4.75,2.0,3.5,5,1,3,4,3,1,2,1,4.0,0.5,2.75,4.25,6.0,0.0,3.5,2.5
108.5,2,0,1,4,4,0,0,2,2.25,0.0,4.25,2.75,2.0,0.0,1.5,0.0,1,2,2,1,3,0,0,4,3.5,0.0,0.0,0.0,2.5,0.0,0.0,0.0
143.75,2,2,3,3,3,2,1,2,5.5,0.0,4.0,1.75,3.75,0.0,1.0,0.0,2,2,2,3,3,2,1,2,2.0,0.0,0.5,1.75,4.0,0.0,0.0,0.0
255.25,4,0,4,4,2,3,2,2,5.5,3.0,3.5,2.25,3.5,0.75,8.0,4.75,2,1,1,5,4,1,2,5,5.0,0.0,3.25,4.5,5.75,1.0,6.0,3.75
148.5,1,0,2,4,1,1,0,0,2.75,0.75,5.25,1.75,3.75,0.0,1.5,0.0,3,3,2,4,3,2,1,2,3.75,0.0,0.25,2.25,4.25,0.0,1.5,1.0
121.5,2,1,3,3,3,0,2,1,1.75,1.5,4.25,0.0,1.5,0.0,0.5,1.0,1,3,2,1,3,0,2,2,1.0,0.0,2.0,3.0,3.5,0.0,0.0,0.0
254.75,2,1,4,5,4,1,3,3,4.25,1.75,4.75,2.75,2.5,2.5,5.5,3.5,4,2,2,3,3,3,1,5,5.25,0.5,4.0,3.75,6.25,1.75,4.0,2.75
130.0,1,0,4,3,2,3,3,3,2.25,0.5,0.0,2.0,2.5,0.0,1.5,0.5,1,0,3,1,3,1,2,1,0.25,0.0,0.0,3.5,2.75,0.0,2.5,3.5
130.25,2,1,4,5,3,1,1,0,5.0,0.25,3.5,0.5,3.5,2.0,0.0,0.0,2,0,4,1,2,1,0,2,0.0,0.0,2.25,3.25,4.25,0.0,0.0,0.5
323.25,3,1,4,4,5,3,5,3,2.0,7.25,5.75,5.25,5.0,0.75,1.5,3.75,4,5,4,4,3,2,2,5,5.75,8.75,2.75,5.75,7.75,5.5,1.5,1.5
210.0,3,4,2,2,3,1,1,1,4.75,2.0,1.75,4.75,3.75,0.0,6.0,2.75,3,3,2,3,2,2,2,4,3.25,0.5,0.0,3.5,7.0,0.0,3.0,3.25
256.25,4,1,4,4,3,1,3,4,5.5,4.5,3.25,4.75,7.5,7.5,6.5,2.75,3,3,4,2,2,1,1,4,5.75,0.0,0.0,4.0,7.75,0.0,2.5,1.25
354.25,5,2,4,5,3,2,4,2,7.25,0.0,5.5,5.0,5.25,7.0,6.0,1.0,4,5,3,4,3,2,3,4,6.5,4.5,4.0,8.0,3.25,4.0,8.5,2.0
171.25,3,1,4,4,2,2,1,2,2.0,0.0,4.75,1.25,2.5,0.0,1.0,3.0,3,3,4,4,4,1,0,1,4.75,0.0,1.5,1.75,6.75,0.0,0.0,0.0
245.0,2,0,1,4,5,1,2,2,3.75,2.0,4.75,1.75,4.0,0.75,3.25,4.25,4,2,3,4,5,3,3,2,5.75,0.0,3.25,3.5,7.0,0.0,6.0,2.5
232.75,4,1,2,4,3,1,4,2,3.75,4.25,5.0,6.0,6.0,0.0,7.0,6.0,4,0,3,1,2,3,1,5,3.25,0.5,2.5,4.5,4.0,0.0,3.0,1.5
224.75,4,1,2,5,4,1,2,2,2.0,2.25,2.5,4.0,3.25,0.0,1.0,3.25,2,2,4,3,4,1,2,3,6.5,0.5,3.0,5.25,7.5,0.0,1.5,3.5
126.75,4,2,0,4,0,2,1,2,0.75,0.0,3.75,1.25,1.25,0.0,1.0,1.0,4,2,2,2,3,1,0,0,4.75,0.0,3.0,2.0,2.5,0.0,0.0,0.0
169.25,1,0,3,4,2,3,2,2,4.25,0.0,3.5,1.5,4.0,0.0,0.0,6.75,2,1,3,4,3,0,1,3,3.75,0.0,0.0,4.25,5.75,0.0,0.0,1.0
251.25,1,1,2,5,3,3,3,1,6.25,3.0,2.5,3.25,3.25,3.5,1.5,2.0,4,1,4,4,4,2,2,3,6.5,2.25,4.5,4.5,7.0,0.0,2.5,3.0
483.25,2,3,3,5,5,3,5,4,9.0,0.0,2.25,8.25,7.25,9.75,8.0,8.25,5,4,5,5,4,3,5,5,6.0,7.75,6.5,8.25,7.75,8.75,9.5,8.75
218.5,2,1,1,4,3,1,3,2,4.0,3.25,4.0,2.5,6.25,3.0,4.0,6.0,3,1,1,5,2,2,1,2,5.0,1.25,0.0,4.75,7.0,0.0,3.5,1.0
143.75,4,0,2,4,3,2,1,3,3.75,1.75,3.0,1.25,2.25,0.75,0.5,0.25,2,2,1,3,3,1,1,2,0.5,3.0,0.0,1.0,3.25,0.0,2.5,1.0
185.25,1,2,4,5,4,2,1,0,3.5,3.75,1.75,5.25,3.0,0.0,0.0,2.0,4,1,4,5,3,2,1,2,0.5,0.0,0.0,4.75,6.75,0.0,1.5,0.75
201.0,2,1,4,3,4,2,3,2,1.5,2.0,4.5,2.0,3.0,3.25,2.5,3.0,4,2,2,4,4,1,2,2,0.0,0.25,0.5,4.25,7.0,2.0,2.5,1.0
404.25,2,3,2,5,4,3,5,2,8.0,8.75,6.25,6.0,4.25,9.25,0.0,5.5,5,3,5,5,5,3,4,5,8.0,0.0,1.0,3.25,8.25,4.25,6.5,2.5
184.75,3,1,1,5,5,0,1,4,2.5,0.75,5.25,3.25,2.0,0.0,2.5,5.5,3,1,3,3,2,3,1,1,1.5,1.5,2.5,5.5,3.5,0.0,1.5,0.75
319.75,2,2,3,5,4,1,3,2,7.0,5.5,4.75,7.0,5.75,6.0,7.0,5.25,4,1,5,5,4,2,2,2,1.75,3.5,2.0,7.25,8.75,4.75,4.0,2.75
162.25,4,1,3,4,3,4,2,2,1.25,1.0,5.5,3.75,4.0,0.25,0.0,0.0,4,1,2,2,2,1,1,2,2.0,0.0,0.5,4.5,5.25,0.0,0.0,1.0
297.5,2,2,4,4,3,2,3,2,8.25,5.5,4.25,3.5,7.0,0.0,1.5,2.25,4,3,4,2,4,2,3,5,2.25,7.5,2.0,4.75,4.25,6.25,7.0,2.0
150.75,3,1,2,3,2,2,1,1,3.75,1.0,4.5,6.25,1.25,0.0,0.0,0.5,3,0,2,3,3,0,2,3,0.75,0.0,0.75,4.0,5.25,0.0,1.75,0.25
295.5,2,2,2,5,5,3,4,3,4.25,6.75,0.5,5.5,3.75,3.25,2.5,3.0,3,1,3,4,4,2,3,2,8.5,6.25,1.75,3.5,8.25,4.0,6.0,1.25
81.0,3,1,2,4,3,2,1,0,0.25,0.0,1.25,2.0,3.25,0.0,0.5,0.0,1,1,1,1,2,1,1,0,0.0,0.0,0.25,0.0,3.25,0.0,0.0,0.0
353.25,4,2,4,4,5,3,4,3,9.0,8.0,1.5,3.75,7.25,4.0,8.0,3.75,5,3,3,5,4,4,2,4,2.75,5.0,4.0,4.5,6.75,7.0,5.5,2.75
145.25,1,0,1,1,3,2,2,1,0.5,1.75,2.25,3.25,4.0,0.0,1.5,1.5,3,2,1,0,3,0,2,2,2.25,0.25,0.25,5.5,9.5,0.0,0.0,0.5
179.25,1,0,4,3,3,2,3,1,2.25,2.0,4.5,3.25,5.25,0.0,1.0,1.5,2,3,2,2,5,1,3,3,1.5,0.0,1.25,2.5,5.25,0.0,1.5,2.25
263.25,2,1,4,4,4,3,3,2,0.75,4.5,7.25,6.0,6.75,0.0,6.0,3.5,3,2,4,3,3,1,2,4,7.25,3.5,0.25,5.5,9.25,0.0,0.0,1.5
343.0,2,3,2,4,4,3,4,5,3.75,3.75,4.5,3.5,5.75,0.0,6.75,4.75,3,3,4,4,4,5,3,3,8.25,6.0,1.0,6.0,8.0,5.5,7.25,3.5
124.0,3,2,2,4,1,1,2,1,2.5,1.0,4.0,1.5,3.5,1.5,0.5,0.0,0,2,2,1,3,2,0,1,0.0,0.0,2.0,5.25,2.75,0.0,0.0,0.0
184.5,2,1,5,5,3,3,2,2,3.0,0.5,4.0,4.25,3.0,0.0,6.25,1.75,1,1,2,3,3,1,2,0,2.75,0.0,1.0,3.75,6.5,0.0,1.5,2.5
455.0,5,4,4,5,5,3,4,3,9.25,8.5,5.25,7.25,7.5,9.5,0.0,4.5,4,4,4,5,4,4,4,4,8.5,0.0,0.0,8.25,7.25,4.25,0.0,7.25
159.5,2,1,4,5,3,1,4,2,0.5,0.0,5.0,5.0,2.5,0.0,0.5,0.0,3,2,2,2,1,1,1,0,5.75,0.0,1.5,3.25,4.25,0.0,1.5,1.25
135.25,2,0,1,2,3,1,1,3,0.5,0.75,0.75,3.5,3.5,0.0,1.0,3.0,2,0,1,1,4,1,2,2,2.25,0.0,0.0,1.0,7.5,0.0,1.5,2.5
99.75,3,0,2,1,3,1,2,1,0.75,0.5,4.25,0.25,1.25,0.0,1.5,1.0,2,1,0,0,2,2,1,0,2.0,0.0,0.5,3.5,3.0,0.0,0.0,1.25
150.0,3,1,1,5,3,3,1,1,1.5,0.25,4.75,0.75,1.0,0.0,0.0,0.0,2,1,1,2,3,1,2,2,5.25,0.0,2.5,4.75,6.0,0.0,0.0,0.0
130.0,2,1,2,5,3,1,1,2,3.25,0.5,5.25,2.0,3.75,0.0,1.0,0.0,3,2,3,2,3,1,0,1,0.5,0.0,0.0,2.0,3.75,0.0,0.0,0.25
152.75,2,1,4,1,2,1,3,0,3.0,0.0,1.25,2.5,3.75,0.0,1.5,2.0,1,2,4,4,2,2,1,2,0.75,0.0,3.0,2.0,5.75,0.0,1.5,1.25
141.25,3,1,2,4,3,1,2,3,7.25,0.5,2.0,1.25,2.0,0.0,0.0,0.0,3,0,2,2,2,2,0,2,5.0,0.0,0.0,2.25,3.5,0.0,1.5,0.5
150.0,1,2,3,3,3,1,3,0,8.0,0.5,4.75,2.75,3.5,0.0,0.5,0.0,2,1,1,0,3,0,0,1,3.0,0.0,3.25,3.75,4.5,0.0,0.0,3.5
207.0,4,0,4,4,4,1,2,0,2.5,4.25,2.5,3.0,4.5,0.0,1.5,1.75,4,2,4,4,4,2,1,2,3.5,0.5,0.0,5.25,6.25,0.0,1.5,3.0
93.25,2,2,2,4,2,1,1,1,0.0,0.0,1.5,0.5,0.0,0.0,0.0,0.0,2,2,2,1,1,2,0,1,3.25,0.0,0.0,1.25,4.25,0.0,0.0,0.0
380.75,3,2,3,5,4,1,2,4,7.0,7.5,4.5,7.0,5.5,4.0,6.75,4.5,4,2,4,5,5,1,5,4,9.25,0.0,1.25,7.0,6.5,5.75,6.0,4.0
126.25,2,0,2,3,3,2,1,1,0.0,0.5,4.0,1.0,2.75,0.0,1.0,0.5,2,1,3,3,4,0,0,1,0.25,0.0,0.0,4.0,5.0,0.0,1.5,1.5
130.5,4,2,3,3,2,0,1,0,2.0,0.0,5.0,2.5,3.25,0.0,0.0,0.0,1,2,2,0,3,1,1,4,4.5,0.0,0.0,1.75,3.0,0.0,1.5,0.25
114.0,2,1,1,2,3,1,1,0,2.25,0.5,1.75,2.75,2.25,0.0,1.25,0.0,1,0,3,2,3,1,0,1,2.25,0.0,2.75,0.0,3.75,0.0,1.5,2.25
164.0,3,2,3,1,3,2,2,1,3.75,0.0,4.0,4.0,3.75,0.0,0.0,0.0,4,3,3,2,3,0,0,3,1.0,0.0,2.75,5.75,4.0,0.0,1.5,0.0
202.5,4,1,3,5,3,2,3,1,5.25,2.5,6.0,3.0,4.75,0.0,1.0,2.75,2,3,2,2,3,2,1,1,3.0,0.0,1.25,5.0,6.75,0.0,1.5,2.5
106.5,2,0,1,3,4,1,0,2,1.5,0.0,5.25,3.0,2.0,0.0,0.0,0.0,2,0,1,2,3,2,0,1,1.5,0.0,1.25,2.25,2.75,0.0,0.0,0.25
65.25,2,0,2,1,2,1,0,2,1.5,0.0,0.5,0.0,2.0,0.0,0.0,1.0,1,0,3,0,1,3,0,2,0.0,0.0,0.0,1.75,0.0,0.0,0.0,0.0
210.75,2,1,3,5,4,1,2,3,3.5,1.25,1.5,4.75,3.25,0.25,3.0,7.25,3,3,2,2,4,1,3,2,7.0,0.0,0.25,6.5,4.5,0.0,1.5,0.0
191.0,2,1,2,5,2,2,2,3,4.75,1.25,2.25,3.25,6.0,1.5,1.75,2.5,3,2,3,4,3,1,1,2,3.5,0.25,0.0,5.25,4.75,0.0,1.75,1.0
71.75,2,0,2,1,2,3,2,2,0.0,0.0,1.0,0.0,1.5,0.0,0.0,0.25,1,1,1,1,3,1,1,1,0.5,0.0,0.0,0.0,0.0,0.0,0.0,2.25
248.0,4,0,3,4,4,1,4,3,3.75,2.5,4.0,5.5,4.25,3.5,7.5,4.0,2,2,3,3,3,2,3,2,4.0,0.25,0.5,5.0,8.75,1.0,3.5,1.0
165.5,1,1,4,4,2,2,0,0,4.75,0.5,4.25,1.75,2.75,0.0,0.5,6.25,1,1,1,2,3,1,1,5,3.0,0.5,2.25,3.25,5.75,0.0,1.5,0.75
144.5,2,2,2,5,3,0,0,2,8.0,0.25,1.75,2.75,4.5,0.0,1.5,0.0,2,2,2,1,3,0,2,0,2.0,0.0,0.75,4.5,5.5,0.0,0.0,0.25
136.5,3,0,2,3,4,3,1,2,0.75,0.5,4.25,3.0,2.75,0.0,1.5,0.0,1,1,1,1,4,0,0,3,1.25,0.0,1.5,3.75,6.5,0.0,0.0,1.0
256.0,3,0,4,4,3,3,2,1,3.25,7.0,4.25,4.25,4.5,0.25,3.5,3.75,3,4,2,2,4,3,2,3,4.75,3.5,0.0,8.0,7.5,0.0,4.0,0.75
94.5,1,2,1,1,2,1,1,0,2.75,0.0,2.25,0.5,2.0,0.0,0.0,0.0,3,2,0,2,3,0,2,0,2.0,0.0,0.25,2.5,2.0,0.0,0.75,1.0
345.5,4,2,4,5,5,4,2,3,6.5,7.5,6.5,1.75,6.25,7.25,8.0,3.25,2,3,4,5,2,2,4,4,6.0,4.0,3.5,6.75,7.0,1.5,6.5,3.25
90.0,2,1,3,3,3,1,1,0,4.0,0.5,2.25,3.0,3.25,0.0,0.0,0.0,2,0,0,0,2,1,1,0,1.25,0.0,0.5,1.75,2.5,0.0,0.0,0.0
144.5,2,0,2,4,2,2,0,3,5.0,0.25,3.25,0.5,2.75,2.0,0.0,0.75,2,3,2,1,4,1,0,4,2.25,0.0,0.0,4.0,3.5,0.0,1.0,0.75
180.75,2,0,3,4,3,0,1,1,2.5,0.25,5.5,2.0,2.0,0.0,0.0,3.0,1,3,4,3,3,1,1,3,4.5,0.0,0.0,4.25,8.0,0.0,3.0,2.0
137.0,2,0,2,4,1,2,0,2,4.0,0.0,5.75,1.5,2.0,0.0,1.0,0.0,2,0,2,3,3,3,0,4,0.0,0.0,0.25,2.0,6.25,0.0,1.5,0.5
150.0,3,0,2,4,2,2,1,2,2.25,0.0,3.75,2.0,2.25,0.0,1.5,2.25,1,0,1,2,3,0,2,2,5.0,0.0,2.0,6.25,2.75,0.0,1.5,1.5
191.75,3,1,3,4,1,1,3,1,6.5,3.0,6.75,1.75,2.5,0.0,2.0,2.0,3,1,2,3,4,1,0,3,4.0,0.0,1.75,3.0,6.5,0.0,2.0,2.0
185.75,3,1,2,4,5,1,4,1,0.75,6.0,5.0,5.25,1.0,0.0,1.0,0.0,3,3,1,4,4,0,2,1,4.5,0.0,1.5,4.25,5.5,0.0,0.0,1.5
134.0,3,0,1,3,2,1,1,0,5.5,1.5,1.75,0.25,1.5,0.0,1.5,3.5,1,1,2,3,2,1,1,0,4.0,0.25,2.75,1.25,3.75,0.0,3.5,0.5
90.25,1,1,2,0,3,1,1,3,0.75,1.0,1.5,1.75,0.75,0.0,1.5,0.0,3,0,2,2,1,1,0,3,0.0,0.0,0.0,2.5,2.75,0.0,0.0,0.0
78.0,2,0,2,3,3,1,0,1,0.5,0.0,4.25,1.25,1.0,0.0,0.5,1.5,1,0,1,1,1,4,1,1,1.0,0.0,0.0,1.0,0.0,0.0,0.0,0.0
131.75,1,1,3,4,2,2,1,3,2.0,0.25,6.25,2.0,1.5,0.0,0.5,0.0,1,1,4,0,2,0,2,1,4.5,0.0,2.25,3.25,2.75,0.0,0.0,0.5
139.0,3,3,4,4,3,0,2,2,0.5,0.25,3.25,2.25,4.0,0.0,1.5,0.0,2,1,3,3,3,0,2,1,0.0,0.0,0.0,3.5,6.0,0.0,0.0,0.0
111.0,1,3,3,3,4,0,2,0,0.75,0.0,3.75,0.5,2.25,0.0,0.0,0.0,3,0,0,1,1,1,1,3,4.5,0.0,0.0,1.75,4.0,0.0,0.75,0.5
254.25,2,0,3,4,2,1,3,1,8.0,4.0,6.25,3.5,2.75,5.0,3.5,2.0,4,1,2,3,3,1,2,2,7.25,2.0,4.25,6.5,6.25,0.25,5.5,0.75
229.25,2,0,4,3,5,0,1,1,1.5,0.5,0.5,2.5,2.75,0.0,0.0,1.25,4,4,3,4,4,3,2,3,1.25,3.25,0.25,5.0,7.5,3.75,7.0,4.75
126.5,2,1,2,2,0,1,1,2,5.0,1.0,3.75,2.75,3.5,0.0,0.5,2.0,2,0,2,2,3,0,0,2,1.5,0.0,0.5,2.25,4.75,0.0,1.5,1.0
130.5,2,2,2,3,2,1,1,3,1.5,0.5,0.5,2.25,5.0,0.0,2.0,0.0,3,1,1,2,3,2,0,1,3.0,0.0,0.5,2.75,5.75,0.0,0.0,0.0
235.5,2,1,2,5,3,0,2,2,1.75,2.5,4.0,3.5,4.75,3.5,1.0,1.0,2,4,4,4,4,2,3,5,3.75,0.25,2.25,6.5,6.5,0.5,2.25,2.5
161.0,1,1,2,5,2,2,1,2,3.25,0.5,5.25,1.25,0.75,0.0,1.0,0.0,2,0,3,4,3,1,1,2,5.0,0.0,1.5,3.5,6.5,0.0,1.5,1.0
194.75,3,0,3,2,3,2,1,0,3.0,3.5,6.25,4.0,2.5,0.0,0.0,3.0,3,0,3,5,3,1,3,5,1.5,0.0,0.25,4.25,8.0,0.0,1.5,2.25
380.25,4,0,2,5,4,3,3,3,2.5,0.0,6.25,7.0,7.5,8.75,6.0,4.5,4,3,4,5,4,3,4,3,7.25,3.75,0.5,9.0,7.25,4.0,9.0,5.0
265.75,2,1,3,5,4,0,4,4,5.25,2.5,0.5,5.25,6.5,3.25,3.75,3.0,2,4,5,5,5,3,1,2,3.5,0.0,0.5,5.25,7.25,4.0,3.75,2.0
203.25,4,3,3,4,3,3,2,1,2.0,5.5,3.5,4.75,6.5,0.0,1.25,0.0,1,2,2,4,4,3,3,3,1.75,0.75,0.75,5.0,5.5,0.0,0.0,1.0
261.75,4,2,2,5,4,2,3,1,7.75,7.75,5.5,2.25,1.75,0.0,8.0,4.0,2,1,3,4,2,4,3,5,6.75,0.75,0.0,6.0,3.75,0.0,4.5,1.5
309.75,3,1,3,5,5,2,5,3,5.5,4.5,5.5,4.5,3.5,3.25,2.0,5.75,3,3,4,4,5,1,2,4,7.25,1.75,7.25,7.75,5.25,0.0,2.75,4.25
156.5,3,0,4,3,2,1,0,0,2.0,0.0,5.25,2.75,2.75,0.0,0.0,0.0,1,2,3,2,4,1,1,1,2.5,0.0,0.0,7.75,7.75,0.0,1.5,0.5
477.0,5,4,4,5,5,2,4,4,5.5,9.0,4.75,4.25,4.0,6.5,8.0,8.25,5,3,5,5,5,3,4,5,9.5,0.0,8.25,8.25,8.75,0.0,9.0,4.75
225.25,3,0,4,5,3,1,3,2,7.0,1.0,6.25,3.25,4.0,0.25,2.0,0.0,3,1,4,3,3,2,3,3,6.0,0.0,6.5,2.5,5.25,0.0,2.25,0.75
197.5,1,0,4,4,0,3,2,2,7.75,4.0,1.5,4.5,5.75,0.0,1.5,1.5,3,1,4,2,4,2,1,3,1.5,0.0,1.5,5.75,5.0,0.0,2.5,1.25
193.75,2,1,4,4,4,2,2,1,0.75,1.0,4.0,4.75,3.75,0.0,1.5,2.25,1,0,3,3,4,1,0,4,6.0,0.0,0.0,7.25,8.5,0.0,0.0,1.5
427.25,4,3,4,4,4,2,5,3,7.5,9.75,5.0,6.0,5.0,8.0,9.0,8.0,5,4,5,5,4,2,4,4,7.25,6.75,2.75,6.0,8.75,7.0,9.0,3.75
84.5,1,2,2,3,2,0,0,2,2.5,0.5,2.75,0.0,1.5,0.0,0.5,0.0,3,1,1,0,1,0,3,1,0.0,0.0,2.5,1.25,0.0,0.0,1.25,0.0
232.25,1,2,2,4,3,1,3,2,6.0,0.5,3.25,3.0,5.75,0.0,1.0,1.75,5,2,4,2,3,2,2,5,5.75,0.0,2.5,5.75,5.75,0.0,0.0,6.5
290.25,4,1,4,4,3,1,3,3,3.5,7.0,4.75,1.25,8.25,3.0,5.75,6.5,4,0,4,5,4,2,2,5,3.5,0.5,2.75,5.5,9.25,2.0,4.0,1.25
284.75,3,0,3,5,4,1,2,3,6.0,5.75,4.75,4.25,4.0,6.5,3.5,6.0,3,0,4,5,2,1,2,2,6.0,0.0,4.0,4.5,8.0,1.5,6.0,4.75
163.75,2,0,2,4,2,1,4,2,5.0,5.0,2.75,3.0,3.75,0.0,1.25,2.5,2,1,1,3,2,1,0,1,3.0,0.0,0.0,5.0,6.25,0.0,1.5,1.0
87.0,1,1,1,2,2,1,1,1,4.5,0.5,0.25,0.75,1.0,0.0,0.5,2.0,1,2,1,1,2,2,1,1,2.25,0.0,0.0,2.0,0.75,0.0,0.0,0.0
103.5,2,0,3,1,2,1,2,2,1.75,0.0,1.5,1.25,3.75,0.0,0.0,0.5,1,0,1,3,2,2,0,2,0.75,0.0,0.25,3.5,4.5,0.0,0.0,0.0
205.25,3,1,3,4,2,3,3,0,6.5,6.25,4.0,1.0,5.0,4.0,1.5,1.0,3,3,2,1,3,2,2,1,6.0,0.5,0.0,1.75,6.0,4.0,0.0,1.0
221.75,3,1,2,2,3,1,3,3,5.5,2.25,4.5,3.0,3.75,0.0,6.5,1.75,3,2,4,4,5,0,2,1,4.25,1.25,2.25,6.75,4.5,0.0,3.25,0.5
115.0,4,1,2,2,3,0,3,0,1.75,0.5,3.5,1.25,1.5,0.0,1.0,0.0,2,0,1,1,3,1,2,1,0.0,0.5,0.0,1.25,6.75,0.0,0.0,2.5
383.5,2,4,4,5,5,3,5,3,4.0,0.0,4.75,4.25,6.75,6.25,0.5,6.5,2,2,5,4,5,2,4,4,7.75,9.5,0.5,5.75,6.75,7.0,7.5,5.75
117.5,2,0,5,4,2,2,2,0,4.25,0.0,1.5,2.25,3.25,0.0,1.5,0.5,3,0,2,0,2,3,3,0,0.0,0.0,0.0,1.25,3.0,0.0,1.75,0.0
356.25,5,1,4,5,5,2,4,1,6.0,7.5,6.25,7.75,7.0,7.0,5.25,6.5,3,3,4,5,3,3,2,3,9.5,2.5,0.75,9.0,8.5,2.25,2.25,4.5
204.75,2,1,4,5,2,2,4,3,4.0,0.0,2.25,3.5,5.75,0.0,2.5,1.75,2,2,2,3,5,2,2,2,1.5,1.25,0.25,6.25,5.5,0.0,3.5,1.5
116.5,3,2,2,4,3,0,0,3,3.25,0.0,1.5,1.0,5.25,0.0,1.0,0.0,2,1,2,1,2,1,1,2,1.25,0.0,0.0,1.75,3.5,0.0,0.0,1.0
320.0,4,3,2,4,3,4,4,1,3.25,8.25,6.0,8.5,4.0,6.0,4.0,8.75,4,2,5,3,4,2,4,5,5.5,1.25,0.0,6.5,9.0,1.0,3.5,1.75
242.0,2,0,3,4,5,2,3,2,6.75,3.0,5.5,4.75,6.5,1.25,1.0,1.5,3,2,3,4,4,0,1,4,4.75,0.5,3.25,5.25,7.0,0.0,1.5,3.25
244.75,3,0,4,5,2,1,2,2,5.25,2.0,0.0,5.0,2.75,1.5,3.0,4.75,4,2,3,5,3,1,4,4,5.5,0.25,1.25,7.75,7.5,0.0,1.5,3.0
154.0,3,1,2,3,3,0,2,0,1.25,5.5,3.0,4.5,1.75,1.0,1.0,3.75,2,2,1,3,3,1,2,0,0.0,1.0,0.0,4.5,5.75,0.0,1.5,0.75
252.75,3,1,2,5,3,2,3,3,3.25,5.25,4.75,4.0,4.75,2.0,2.0,6.0,3,4,4,4,2,2,3,3,6.75,0.25,1.0,6.75,5.75,0.0,0.0,2.75
170.75,3,1,2,4,4,2,2,2,4.0,0.0,4.75,4.75,5.0,0.0,0.0,0.0,2,1,3,2,4,3,1,1,5.5,0.0,0.75,4.0,3.5,0.0,0.0,0.5
204.25,4,2,4,4,1,2,2,2,3.5,1.5,5.75,6.5,1.5,0.0,2.0,1.5,3,3,3,3,4,0,3,2,6.0,0.5,1.0,6.0,3.25,0.0,1.5,0.0
123.75,3,0,3,5,2,1,0,1,1.0,0.5,3.25,0.5,1.75,0.0,0.5,0.75,2,2,3,1,4,0,3,1,0.25,0.0,0.75,2.0,3.25,0.0,1.5,2.0
297.75,3,1,4,4,4,2,5,3,6.5,5.0,2.5,4.25,5.5,1.5,7.0,7.0,5,4,3,4,3,1,3,5,3.0,1.75,2.25,5.25,6.25,1.0,7.0,1.25
237.25,4,3,2,4,5,0,2,2,5.5,6.0,1.5,4.25,5.75,0.0,3.0,5.0,2,3,2,2,3,2,0,4,6.75,0.5,0.0,3.0,5.75,2.0,6.5,1.25
129.25,2,2,2,2,3,2,1,1,1.5,0.25,4.5,2.75,3.5,0.0,1.5,0.0,2,1,0,1,3,1,0,1,0.5,0.0,0.75,5.0,6.0,0.0,1.5,1.0
186.75,2,0,4,5,4,1,2,0,2.5,2.0,4.25,4.5,4.5,0.0,1.5,3.25,2,2,3,3,3,2,2,3,0.0,0.0,2.25,7.5,4.5,0.0,0.0,1.0
372.75,2,1,3,3,3,0,5,4,6.0,6.25,5.5,5.0,6.75,5.0,0.0,6.5,3,4,3,5,3,3,3,5,5.5,7.25,3.5,7.5,7.0,6.0,5.5,5.0
100.5,1,1,4,3,3,0,0,1,0.0,0.0,0.5,1.25,0.0,0.0,0.0,1.0,2,3,2,2,3,1,0,3,0.0,0.0,0.0,3.0,3.25,0.0,0.0,0.75
184.75,4,1,2,3,4,3,3,3,3.0,4.25,0.0,4.25,3.25,0.0,0.0,1.0,1,3,2,5,4,2,2,1,6.0,0.0,0.0,2.0,6.75,0.0,0.0,1.0
296.75,4,1,2,5,4,4,1,1,7.25,4.25,5.5,3.75,3.25,5.5,0.5,6.0,4,3,4,5,3,1,3,3,9.25,1.0,0.25,8.5,7.5,2.25,3.5,2.0
272.5,3,1,4,3,3,2,3,1,3.5,5.25,5.0,6.75,5.25,3.0,3.0,2.0,3,1,2,3,3,2,2,4,5.75,0.5,8.25,9.0,6.0,0.0,3.0,2.5
76.0,4,0,1,2,2,0,1,2,2.0,0.0,1.5,0.5,2.25,0.0,0.0,1.75,0,2,2,1,2,1,1,3,0.0,0.0,0.0,0.0,0.0,0.0,0.0,0.0
102.25,1,1,3,1,1,3,2,1,1.75,0.5,0.75,1.0,2.75,0.0,1.5,1.75,1,1,3,0,3,0,1,2,0.5,0.0,0.0,0.0,4.75,0.0,1.5,1.0
193.25,2,0,2,4,4,1,2,3,6.75,1.25,2.5,3.25,2.5,0.0,4.5,1.25,2,2,3,3,3,1,1,3,5.25,0.0,4.5,4.75,3.5,0.0,1.5,0.25
302.5,1,2,2,4,4,4,2,2,1.75,0.0,4.5,4.75,3.5,9.5,4.25,5.0,4,4,4,4,4,3,2,2,2.0,8.25,3.0,5.75,5.25,1.75,2.25,2.75
96.0,2,0,3,1,1,1,1,3,0.75,0.0,4.0,1.0,2.25,0.0,1.0,0.0,1,1,1,1,3,3,0,2,0.0,0.0,0.75,2.0,3.25,0.0,0.0,0.0
136.75,0,0,3,2,2,1,2,2,6.5,1.75,1.25,1.0,2.25,0.0,1.5,2.0,3,0,2,1,4,0,2,2,1.75,0.0,0.25,2.0,6.0,0.0,1.5,1.25
304.75,3,0,5,5,4,3,3,3,6.5,2.5,5.75,7.5,6.0,0.0,1.75,3.0,3,2,3,5,5,1,3,3,7.5,3.5,4.5,8.5,8.0,0.0,5.0,0.25
152.75,3,1,3,3,1,2,1,0,0.75,3.5,3.5,3.25,3.0,0.0,1.0,0.5,2,4,2,1,4,1,1,0,3.5,0.0,0.0,5.25,7.0,0.0,0.0,0.5
273.0,1,1,2,3,3,0,4,1,6.5,3.75,5.75,7.0,3.25,4.0,5.0,6.0,2,2,4,5,4,0,2,3,7.75,1.25,4.5,8.5,7.0,0.0,0.75,1.75
212.5,1,3,2,4,4,4,1,1,2.0,1.25,4.75,4.0,4.5,0.0,0.75,1.5,4,3,1,3,2,4,1,2,5.5,0.5,4.5,7.0,7.25,0.25,0.0,0.0
261.5,2,1,4,4,3,2,3,3,2.5,2.5,4.75,3.5,8.75,2.0,6.5,4.0,3,1,2,2,4,3,2,3,7.0,1.0,2.75,5.25,8.75,0.75,2.5,1.5
157.75,1,0,3,4,2,2,1,4,4.75,1.25,4.0,1.0,1.0,0.0,0.5,0.25,2,5,2,2,4,1,2,1,4.0,0.0,0.0,1.75,4.5,0.0,2.0,1.5
230.25,1,0,3,5,3,2,3,1,4.0,6.0,6.0,6.5,7.0,3.0,1.75,3.25,3,1,2,4,4,0,1,4,4.5,0.25,0.0,7.5,6.5,0.0,1.5,0.5
158.5,2,1,2,4,2,2,2,2,5.5,0.5,5.5,3.5,3.5,0.0,1.0,0.75,2,0,2,3,3,0,0,1,3.0,0.0,0.25,5.75,4.0,0.0,1.75,2.25
105.25,2,3,5,4,3,2,0,2,0.25,0.0,1.25,0.5,2.0,0.0,1.5,0.25,2,0,2,1,1,2,1,3,0.0,0.0,0.0,1.5,3.75,0.0,0.0,0.0
246.75,2,0,3,3,5,2,3,2,5.5,3.5,5.25,2.25,7.25,2.25,1.25,4.5,5,0,4,3,5,0,2,4,3.75,2.0,1.25,6.25,4.25,1.0,3.0,3.25
456.75,3,3,4,5,4,3,4,2,8.0,9.5,5.0,4.25,6.25,0.0,6.5,7.25,4,5,3,4,4,3,5,4,5.75,0.0,7.75,8.0,8.5,0.0,0.0,3.75
164.5,2,1,2,3,3,2,2,1,5.0,0.0,2.5,4.5,5.0,0.0,1.5,0.5,2,2,2,2,3,1,1,3,4.75,0.0,0.0,4.75,5.25,0.0,0.0,0.75
211.75,1,0,3,4,4,2,1,3,2.25,0.0,4.75,2.0,3.75,0.0,2.0,3.0,3,1,4,3,4,1,2,4,4.75,0.0,0.5,3.75,7.75,1.0,4.75,2.25
264.5,3,0,4,4,4,1,2,4,8.75,3.75,5.75,7.5,5.75,0.25,4.75,2.5,4,3,4,3,5,1,1,3,5.0,1.5,0.25,7.25,8.25,0.0,0.0,1.25
177.0,1,2,2,4,4,2,3,3,2.5,5.75,0.5,3.0,2.75,2.0,0.0,3.0,2,2,2,3,3,1,3,4,0.0,0.25,0.25,2.0,3.5,0.0,5.0,1.0
92.0,1,1,2,4,2,2,3,1,2.25,0.0,3.25,0.5,1.0,0.0,0.0,0.5,3,2,2,0,1,1,0,1,0.0,0.0,0.0,0.75,3.75,0.0,0.0,0.5
269.5,2,1,5,5,4,2,3,1,4.25,2.5,0.75,5.75,4.0,0.0,6.5,5.5,1,2,4,1,4,1,2,4,6.25,3.5,2.75,4.0,6.25,0.25,8.0,5.0
237.5,3,2,4,5,4,1,3,1,3.0,0.0,5.75,3.25,4.75,0.0,1.0,4.5,2,1,1,2,3,3,1,4,5.75,1.25,4.0,5.25,6.75,0.0,6.0,3.0
277.5,3,0,3,4,3,2,1,4,3.5,6.5,3.5,5.75,4.75,7.25,3.5,5.25,3,3,4,4,2,1,2,3,4.75,6.0,0.5,3.5,6.5,5.0,3.0,1.25
127.75,2,1,2,4,2,3,3,0,4.25,0.5,3.25,2.5,3.0,0.0,1.5,0.0,1,2,2,3,5,0,1,1,0.5,0.0,0.0,0.0,4.25,0.0,1.5,0.0
217.0,2,1,3,5,2,3,3,2,5.75,3.0,1.75,3.5,6.5,0.0,1.0,3.75,2,2,2,2,3,1,3,3,2.0,3.5,2.75,2.25,4.0,3.0,4.5,1.5
89.25,2,1,3,0,2,0,2,1,0.5,2.25,2.25,0.5,4.75,0.0,1.0,0.25,2,1,2,2,2,0,1,1,0.75,0.0,0.0,0.0,2.5,0.0,0.0,0.5
243.5,3,2,3,3,3,3,1,3,3.75,6.5,4.5,4.25,5.75,5.0,1.5,2.75,3,2,2,3,3,1,2,0,3.0,4.5,2.75,3.75,5.5,4.0,3.0,2.0
179.0,3,1,3,4,3,0,2,1,4.5,0.0,6.5,3.25,3.75,0.0,0.0,0.5,5,1,1,3,4,2,1,2,6.0,0.0,0.25,3.25,6.0,0.0,0.0,1.5
118.75,1,1,3,4,3,0,0,2,2.5,0.0,5.5,1.75,0.5,0.0,0.0,1.0,2,2,3,1,4,0,0,1,0.25,0.0,2.25,1.5,4.75,0.0,0.0,1.0
255.5,2,1,3,4,3,2,2,2,2.75,4.75,5.75,4.75,5.75,0.0,1.0,3.75,4,3,5,5,5,2,3,3,8.0,0.0,0.75,4.25,7.25,0.25,1.5,1.5
359.0,3,1,2,4,4,3,3,2,7.0,5.0,6.25,5.25,7.25,0.0,6.5,7.0,5,2,5,5,3,4,3,4,8.5,7.25,0.75,4.25,6.25,3.5,0.0,4.0
118.0,3,1,2,0,4,2,1,1,5.75,0.0,2.5,2.0,3.25,0.0,0.5,2.5,3,1,1,1,3,0,0,2,2.25,0.0,0.0,0.5,4.25,0.0,0.0,1.0
254.25,3,2,3,3,3,3,2,2,3.75,8.5,4.75,2.75,3.75,5.75,0.0,3.0,4,3,3,3,4,1,2,4,2.75,4.0,2.75,4.25,6.25,0.0,3.5,1.75
191.25,1,1,2,5,3,1,2,2,4.25,2.5,6.25,3.0,2.5,0.0,1.5,2.0,1,1,4,2,4,1,1,1,2.5,0.0,5.5,5.25,6.5,0.0,1.5,1.5
176.25,3,0,4,3,3,0,2,2,6.5,2.25,5.25,4.75,3.25,0.75,2.25,2.25,2,1,2,1,3,1,2,5,1.0,0.0,0.25,2.75,6.0,0.0,0.0,2.25
155.0,4,0,2,5,3,2,1,2,1.75,0.5,4.25,2.5,4.0,0.0,1.0,1.0,1,0,3,2,4,1,3,1,2.0,0.0,0.0,3.25,7.0,0.0,0.0,1.75
279.75,2,4,3,3,4,4,4,2,6.25,6.75,1.0,6.25,7.5,1.75,4.5,3.75,3,3,1,3,3,3,3,4,3.5,3.25,1.5,6.75,6.25,2.0,2.5,2.0
81.25,2,2,3,2,3,0,1,1,0.25,0.0,0.0,0.25,1.25,0.0,1.0,1.0,2,0,2,2,3,1,0,1,0.0,0.0,0.0,2.25,0.0,0.0,1.5,0.5
290.5,3,0,2,5,4,1,3,4,8.5,4.0,2.75,6.0,6.5,3.75,6.5,5.0,4,2,4,4,4,1,1,2,8.5,1.0,0.25,7.25,6.75,0.0,3.0,4.75
334.25,3,2,4,5,3,3,4,2,3.75,6.5,5.5,5.75,7.25,7.0,7.75,8.0,1,4,3,4,3,2,3,3,3.0,0.25,0.5,6.5,9.0,7.5,6.75,3.25
219.5,3,1,3,3,2,0,3,2,5.75,2.5,5.75,4.25,3.75,2.0,6.75,2.0,3,3,2,2,2,1,2,4,2.75,2.0,0.25,4.75,3.25,0.0,5.5,2.5
357.25,4,4,4,4,3,5,5,1,7.25,7.0,3.75,3.5,5.0,9.5,6.5,4.5,2,4,4,4,4,4,4,3,3.0,8.25,4.25,6.0,6.25,4.0,5.5,1.5
332.75,4,2,4,4,3,3,4,1,7.0,9.0,6.5,5.0,3.0,3.0,6.0,6.25,3,1,5,4,3,3,3,3,5.0,3.75,1.25,7.5,7.75,4.5,6.5,2.5
152.0,2,1,1,4,3,4,2,0,1.25,0.0,5.0,3.25,0.5,0.0,2.5,1.5,2,1,2,2,3,1,2,2,4.5,0.0,2.75,2.25,3.25,0.0,1.5,0.75
430.25,4,2,4,3,4,2,5,4,8.25,7.5,4.25,4.25,6.5,7.5,0.0,6.5,4,1,4,5,5,3,3,4,8.0,0.0,7.75,6.25,6.75,9.5,8.0,3.0
133.25,3,0,3,2,3,1,0,2,1.5,0.25,0.0,1.5,2.5,0.0,0.0,0.0,2,2,3,3,4,0,1,1,2.25,0.0,3.25,2.5,6.75,0.0,0.0,0.5
323.25,1,1,1,5,5,3,3,1,3.75,9.25,6.75,6.25,5.75,4.5,5.5,2.0,3,2,4,5,5,2,2,4,6.75,3.25,1.0,7.75,7.75,0.5,7.5,3.75
141.25,1,2,2,2,2,1,2,3,4.5,0.0,0.0,3.0,2.0,0.0,0.0,0.0,2,2,3,2,3,2,2,1,2.5,0.0,0.0,3.75,6.0,0.0,0.0,1.5
235.25,2,0,2,5,2,1,1,3,5.25,1.75,6.75,4.5,2.5,4.0,1.75,5.75,4,1,4,1,4,1,2,2,3.75,1.5,0.25,5.25,3.5,0.5,7.0,5.5
83.75,1,0,1,1,4,0,0,1,3.0,0.25,3.25,0.75,0.0,0.0,0.0,0.0,3,0,0,2,2,1,0,0,3.5,0.0,2.25,1.0,1.0,0.0,1.5,0.5
193.75,2,1,4,3,2,0,3,2,6.0,1.0,6.75,5.0,4.25,0.0,3.5,5.0,2,1,1,2,4,2,3,3,2.0,0.0,0.25,2.5,7.25,0.0,1.5,0.75
155.5,3,2,3,4,5,1,3,2,3.5,1.0,4.75,2.0,2.0,0.0,0.0,4.0,2,1,4,2,3,1,2,2,0.0,0.0,0.0,4.0,4.0,0.0,0.0,0.0
182.0,1,1,3,4,3,3,0,1,2.5,0.0,0.25,2.25,3.5,0.0,2.5,7.0,3,2,2,2,3,2,2,2,2.5,0.0,0.0,7.75,6.75,0.0,1.5,1.5
140.0,1,1,1,5,3,2,2,1,4.0,0.0,5.0,2.5,5.25,0.0,1.0,1.75,2,1,1,3,3,0,1,2,1.0,0.0,3.0,0.0,4.75,0.0,0.0,1.25
76.25,0,1,2,2,3,3,0,1,1.75,0.0,0.5,0.25,1.75,0.0,0.25,1.0,2,0,2,1,3,0,2,2,0.0,0.0,0.0,0.75,1.0,0.0,0.0,0.0
143.0,2,1,2,3,5,3,3,1,6.0,0.25,5.0,1.25,3.25,0.0,0.5,3.0,1,1,3,1,3,1,0,1,0.0,0.0,0.0,2.75,5.25,0.0,1.5,1.0
424.25,4,2,3,4,3,3,5,1,6.75,9.5,5.5,8.5,6.25,8.75,5.0,4.5,4,4,5,5,4,2,4,5,9.25,6.25,0.0,7.75,9.25,6.5,8.5,7.75
323.5,4,1,2,5,4,4,2,4,8.75,8.25,3.25,5.0,5.75,0.0,4.75,4.75,4,0,4,4,4,2,2,5,1.75,3.0,5.0,7.0,7.25,3.75,4.5,6.25
162.5,2,1,2,3,2,0,2,3,2.0,0.5,5.5,3.0,4.0,0.0,1.5,1.0,2,1,3,5,2,2,1,1,2.25,0.0,3.75,3.5,4.5,0.0,1.5,0.0
76.0,2,2,2,0,3,0,1,0,0.0,0.0,1.25,0.0,2.0,0.0,0.0,0.0,1,1,2,2,2,2,3,3,0.0,0.0,0.25,0.25,0.0,0.0,0.0,0.0
142.25,2,1,3,4,3,1,1,3,2.0,0.5,5.75,5.5,3.0,0.0,1.5,0.0,1,2,1,1,4,0,0,0,4.0,0.0,0.25,5.0,4.5,0.0,0.0,0.5
106.0,2,2,2,2,4,1,2,0,2.0,0.0,1.5,0.75,0.75,0.0,0.5,4.0,2,0,0,0,4,1,2,2,1.5,0.0,0.0,0.0,5.0,0.0,0.0,1.5
180.25,5,3,3,3,4,1,3,2,6.0,2.5,5.25,3.5,3.25,0.0,1.0,0.0,1,3,2,2,4,0,3,0,2.25,0.0,2.75,2.5,4.75,0.0,1.5,1.0
309.75,3,3,4,4,5,2,3,4,5.25,5.0,6.5,4.0,6.5,0.0,2.75,5.0,3,2,3,2,5,3,4,4,3.25,7.5,0.25,6.5,8.0,3.25,5.0,1.5
142.25,2,1,3,4,2,2,1,3,1.5,0.0,3.0,2.25,2.5,0.0,0.0,0.0,3,2,1,2,2,2,0,3,1.5,0.0,2.0,3.75,7.0,0.0,0.0,0.0
220.5,2,0,2,4,4,0,2,3,3.5,4.0,0.5,2.25,6.75,4.0,5.0,6.5,2,2,2,2,5,2,1,2,4.0,0.5,0.0,8.75,7.5,0.0,1.5,0.25
122.25,2,2,3,4,1,1,0,2,2.0,0.0,5.0,0.75,2.25,0.0,1.25,0.75,2,2,0,0,3,1,3,1,2.5,0.0,2.5,1.5,3.75,0.0,0.0,0.5
340.5,3,1,4,5,5,2,4,4,5.75,3.5,5.75,5.0,6.5,0.0,8.0,6.5,3,2,2,4,5,2,3,5,7.25,2.75,3.5,8.5,7.25,3.0,3.0,6.25
136.5,1,2,2,2,2,1,1,0,1.0,0.5,4.25,2.5,1.5,0.0,0.5,0.5,3,1,3,1,4,0,2,2,3.75,1.0,0.75,2.25,5.75,0.0,1.5,0.0
98.5,2,1,3,1,4,0,2,0,2.25,0.0,3.0,1.5,1.5,0.0,1.0,0.0,1,1,2,1,3,1,2,1,0.0,0.0,0.5,0.0,5.25,0.0,0.0,0.25
178.5,3,4,3,4,4,2,1,1,0.5,0.5,3.0,2.25,3.5,0.0,2.25,3.5,3,3,3,4,4,1,0,1,2.5,0.0,0.5,2.75,7.0,0.0,1.5,1.25
329.25,3,2,2,5,5,1,4,2,6.5,0.0,3.75,4.5,5.5,0.0,6.0,5.0,4,4,2,4,3,2,2,4,8.75,0.0,0.75,2.5,7.75,2.5,3.5,5.5
134.0,2,0,1,2,2,1,0,1,5.25,1.0,1.5,3.25,4.0,0.0,5.0,0.5,1,0,2,3,1,2,0,3,0.5,0.0,2.5,4.0,3.75,0.0,1.75,0.5
128.0,1,0,2,2,3,1,2,0,1.75,1.5,5.75,2.75,1.0,0.0,2.5,1.0,2,2,2,3,4,1,1,1,1.75,0.0,0.25,1.75,4.75,0.0,0.0,0.0
101.0,0,0,3,1,1,1,2,1,2.75,1.25,1.0,2.25,1.0,0.0,0.0,1.0,2,2,1,2,4,2,1,1,0.0,0.0,0.0,1.75,4.5,0.0,0.0,0.25
132.5,4,1,2,4,2,0,2,2,2.0,0.0,3.75,0.75,2.0,0.0,0.5,1.25,1,2,2,1,3,1,1,1,1.5,0.0,0.0,4.5,6.0,0.0,1.5,0.5
150.75,2,1,3,5,2,0,1,0,1.25,0.0,2.0,1.5,1.25,0.0,2.0,0.5,1,2,3,4,2,1,2,4,3.75,0.25,0.0,2.25,2.75,0.0,3.5,3.75
438.25,3,5,3,5,5,2,5,3,5.75,7.5,5.25,6.5,7.25,5.75,9.0,6.5,5,4,4,5,3,3,3,4,9.0,7.5,3.5,7.5,7.5,9.5,8.0,6.25
296.75,3,0,4,5,4,4,1,1,4.0,6.5,7.0,4.5,5.25,2.25,5.5,2.5,3,2,4,3,5,2,3,4,2.0,8.25,0.75,6.0,5.5,4.5,4.5,1.75
157.5,1,1,2,3,3,1,3,3,5.25,2.75,3.25,2.75,2.0,0.0,0.5,1.0,3,1,1,1,4,1,0,4,3.0,0.75,0.5,4.0,4.0,0.0,2.25,0.0
218.75,4,3,2,4,5,3,2,2,5.75,2.5,2.5,4.5,3.0,0.0,2.5,2.5,2,0,3,2,3,0,3,5,6.5,0.0,1.75,5.0,5.75,0.0,1.5,2.25
123.25,2,1,3,1,3,0,2,1,3.0,1.0,4.5,1.25,2.5,0.0,1.0,2.0,3,0,2,0,2,0,0,3,1.5,0.0,0.0,6.75,3.25,0.0,0.0,0.75
265.0,2,1,3,5,3,3,2,3,0.5,3.5,4.25,4.5,5.5,2.0,7.75,1.5,4,2,3,4,3,1,4,5,7.0,0.0,0.0,5.5,8.0,0.0,4.75,2.75
131.25,3,0,2,2,2,1,4,1,3.25,0.0,2.25,1.5,1.5,0.0,0.5,0.0,2,2,3,2,2,2,1,2,2.5,0.0,2.0,0.5,3.5,0.0,1.5,1.75
120.75,3,2,2,4,2,2,0,1,0.75,0.0,5.0,1.75,3.25,0.0,0.25,0.0,1,0,3,4,3,1,0,0,0.0,0.0,2.0,3.5,3.0,0.0,1.5,0.25
106.25,3,0,2,3,4,1,1,1,0.0,0.0,0.0,0.0,3.25,0.0,0.0,0.0,1,2,1,1,2,1,0,4,4.75,0.0,0.0,2.0,3.25,0.0,0.0,1.25
147.75,1,0,3,3,1,1,1,2,3.0,0.75,5.0,5.0,3.0,0.0,1.5,0.5,2,1,1,1,2,1,1,0,8.5,0.0,0.0,5.75,3.5,0.0,1.5,0.5
159.75,2,1,3,3,2,1,1,2,5.25,0.0,4.5,4.5,2.75,0.0,0.0,0.25,2,1,2,1,4,2,0,2,3.0,0.0,0.0,6.5,6.25,0.0,0.25,1.75
147.0,4,1,1,2,4,1,1,2,2.5,0.0,2.5,2.25,3.0,0.0,2.75,1.75,2,0,1,2,2,1,1,3,2.5,0.0,0.0,5.0,7.0,0.0,1.5,0.5
215.5,3,0,3,4,4,4,3,3,5.0,3.5,5.5,5.25,3.25,1.5,1.25,1.5,3,2,3,4,3,1,3,5,4.0,0.0,0.25,3.5,3.0,0.0,2.5,0.75
397.0,3,2,4,5,4,2,4,3,9.5,8.25,5.75,3.0,7.0,6.5,6.5,6.5,3,2,5,4,4,2,3,4,9.5,7.0,6.5,7.75,8.75,1.25,5.0,6.25
302.25,4,1,4,5,5,3,2,2,4.5,6.5,3.25,4.25,5.25,0.0,4.0,6.25,4,1,5,5,2,1,2,4,6.75,5.5,2.75,4.75,5.25,5.0,5.25,1.5
342.5,4,0,3,4,5,2,4,3,9.0,7.25,3.5,5.25,6.25,2.0,9.0,3.5,5,5,3,4,4,0,3,4,6.75,0.25,4.25,7.75,7.25,6.5,4.0,2.25
457.0,3,4,5,5,5,1,4,4,9.5,9.5,7.0,8.25,6.25,7.0,8.5,7.25,3,4,5,5,5,2,4,4,1.25,0.0,3.5,9.0,8.75,8.25,9.0,7.75
402.75,2,2,4,4,5,3,4,3,2.5,8.0,2.75,5.75,9.0,5.5,9.0,7.0,4,3,4,5,4,3,4,5,1.75,7.5,2.5,8.0,8.5,0.0,7.0,6.0
257.25,2,1,2,3,5,3,4,2,2.75,0.5,2.0,6.5,5.5,0.0,0.0,2.0,4,4,5,5,4,1,2,2,3.25,0.5,2.75,8.25,7.25,1.5,2.5,5.25
386.75,4,1,2,5,4,3,4,4,4.25,5.75,4.75,1.25,6.25,7.5,0.0,7.75,4,1,5,5,3,2,3,4,2.5,3.75,5.5,9.0,9.5,6.75,9.0,6.25
325.0,3,0,2,4,5,0,3,3,5.0,5.5,3.25,5.0,4.5,8.75,6.0,6.25,4,3,3,4,4,2,2,2,9.0,4.0,0.75,7.75,7.25,2.5,7.0,3.25
178.0,1,0,5,4,4,1,2,0,1.25,3.0,5.0,4.75,2.0,0.0,1.5,2.0,3,2,2,3,3,3,3,2,4.5,0.0,0.25,2.0,5.5,0.0,0.5,1.25
131.25,2,1,3,2,3,4,2,2,4.25,0.0,5.5,2.0,2.0,0.0,1.0,0.0,3,1,2,1,2,2,0,0,5.25,0.0,0.25,1.75,1.5,0.0,1.5,0.0
88.75,3,2,1,1,1,1,1,0,0.0,0.0,5.0,0.0,1.0,0.0,0.0,1.0,1,0,1,3,3,1,2,1,2.5,0.0,0.0,0.75,3.0,0.0,0.0,0.0
199.25,4,0,4,4,4,1,2,1,2.0,0.0,4.75,5.5,3.75,0.0,5.0,4.25,3,0,2,5,3,3,2,4,2.25,0.0,0.5,2.25,5.75,0.0,1.5,2.0
172.75,1,2,3,5,4,0,3,2,3.5,0.0,4.75,4.0,1.5,0.0,0.0,2.75,3,1,3,2,2,1,2,2,5.0,0.5,0.75,7.25,3.25,0.0,0.0,0.5
297.5,3,2,4,5,4,3,2,1,3.0,3.25,3.5,3.75,7.0,0.0,2.5,2.75,4,2,3,5,5,2,2,4,7.25,3.25,4.25,6.25,7.0,0.0,4.5,6.5
247.75,1,0,4,4,3,3,3,2,1.5,5.0,2.0,1.0,2.75,4.75,1.0,6.0,3,1,4,4,4,3,3,4,2.5,1.0,2.0,6.75,8.0,0.0,4.5,2.5
160.5,3,3,1,4,3,3,1,1,5.0,1.5,1.0,3.5,1.5,0.0,1.5,0.0,3,0,2,2,3,2,1,3,1.75,0.5,0.25,3.25,6.25,0.0,3.5,0.0
110.5,2,1,2,2,4,1,3,2,0.75,0.25,4.75,1.0,3.0,0.0,1.5,0.0,1,1,2,2,3,2,0,0,2.5,0.0,0.0,1.0,3.5,0.0,0.0,0.0
241.5,4,2,5,4,4,1,3,1,5.5,6.5,4.25,5.0,5.0,0.0,6.25,2.75,3,2,3,4,3,0,2,3,0.75,0.5,0.75,5.25,8.0,1.0,2.5,2.25
99.0,3,1,1,0,1,1,2,2,0.5,0.25,2.5,0.5,0.75,0.0,0.0,1.0,1,3,2,2,2,1,1,1,2.5,0.0,0.0,3.25,3.0,0.0,0.25,0.0
176.75,1,1,3,3,4,1,5,1,1.0,2.0,3.25,1.25,3.0,0.0,3.0,0.0,2,0,5,3,5,1,2,3,1.75,0.0,2.5,3.0,3.25,0.0,3.5,2.25
124.75,2,1,3,3,3,2,1,0,1.75,0.0,0.25,2.5,3.25,0.0,0.0,1.0,1,1,3,1,3,1,1,4,2.0,0.0,0.5,2.5,5.5,0.0,0.0,0.25
251.75,3,2,3,5,5,1,3,3,3.25,0.0,3.5,4.75,2.75,0.0,3.5,5.5,3,2,2,4,5,0,2,5,5.0,5.0,0.0,2.25,9.5,0.0,5.0,2.0
128.75,4,0,3,3,2,1,2,0,2.75,0.0,3.5,0.5,2.5,0.0,1.5,0.0,3,2,1,1,4,2,0,1,2.0,0.5,0.75,2.5,2.25,0.0,2.5,1.25
163.25,2,1,3,4,4,2,2,3,2.0,2.25,4.5,2.75,1.5,0.0,1.5,0.0,2,3,3,4,3,1,1,2,2.75,0.0,0.0,2.0,6.5,0.0,0.0,0.5
137.25,3,0,2,3,4,1,2,1,1.5,0.0,5.0,0.25,3.75,0.0,0.0,2.0,1,0,1,2,4,0,1,1,3.75,0.0,0.0,5.0,5.25,0.0,1.5,1.25
139.5,1,1,1,3,4,0,0,2,0.0,0.5,0.75,1.75,3.0,0.0,1.0,3.5,2,3,3,2,2,0,3,3,2.25,0.75,0.5,3.75,5.25,0.0,0.0,1.0
135.5,4,1,1,5,1,0,3,1,4.25,0.25,2.25,5.25,3.0,0.0,0.0,0.0,2,0,4,4,4,1,0,3,0.5,0.0,0.25,0.0,3.25,0.0,1.5,1.0
156.75,3,3,3,4,3,2,2,2,2.25,4.25,1.25,1.5,2.0,0.0,1.25,1.5,1,3,4,1,4,0,2,4,2.25,0.0,0.0,2.0,5.0,0.0,0.0,0.0
208.5,3,0,5,4,3,3,0,2,4.75,0.5,5.0,5.0,2.75,0.0,1.5,2.5,4,2,1,3,4,1,1,5,3.25,0.0,2.75,5.0,7.0,0.0,1.5,1.0
133.25,4,1,0,5,4,2,1,1,0.5,0.0,2.0,1.5,2.0,0.0,0.0,1.0,3,2,2,4,4,0,1,1,1.5,0.0,0.25,1.75,6.75,0.0,0.0,0.5
229.0,3,1,4,4,3,3,3,2,3.25,2.5,5.5,7.75,4.25,0.0,3.5,4.0,2,2,2,3,4,1,3,2,1.5,1.5,4.5,3.75,7.25,0.25,0.0,2.75
108.0,2,2,4,4,2,3,0,1,0.25,0.0,4.5,0.5,3.25,0.0,2.0,0.0,3,2,0,1,2,0,2,1,0.0,0.0,0.0,0.75,3.75,0.0,1.5,0.0
205.0,3,1,3,4,4,0,2,2,5.5,0.5,4.5,5.5,4.0,2.0,1.5,0.75,2,2,4,3,4,1,3,3,5.75,0.0,0.5,4.75,5.5,0.0,0.0,1.0
128.0,3,2,3,3,2,1,0,2,0.0,0.5,2.0,0.75,2.75,0.0,0.0,0.0,2,0,4,4,3,2,0,3,2.25,0.0,0.0,0.5,5.25,0.0,1.5,0.5
203.0,3,1,5,5,3,0,2,1,3.75,1.0,5.5,2.25,6.0,0.0,1.0,2.0,4,1,3,3,5,1,0,3,3.5,0.0,0.25,6.5,6.75,0.0,1.5,1.5
248.5,3,1,4,5,2,3,4,4,1.25,9.5,2.0,5.25,5.75,0.0,3.0,3.25,4,3,3,4,4,1,1,3,3.75,2.75,0.0,5.0,7.5,0.0,1.5,2.0
87.0,2,1,2,1,4,0,2,1,1.75,0.5,0.5,0.25,2.75,0.0,1.0,0.5,1,3,0,2,3,0,0,1,1.5,0.0,0.0,0.5,2.0,0.0,1.5,0.0
170.0,4,0,3,1,3,4,2,2,1.5,0.0,2.75,4.5,1.0,0.0,0.0,0.0,3,2,2,2,4,2,1,4,0.25,1.0,0.0,3.5,4.0,4.0,3.5,1.25
112.75,4,1,2,5,2,2,0,0,1.5,0.0,0.75,0.75,3.0,0.0,1.0,0.0,2,2,3,3,4,1,0,1,0.0,0.0,1.5,1.25,3.5,0.0,0.0,0.0
97.25,1,1,1,3,3,3,1,1,0.25,0.0,0.5,0.25,2.75,0.0,0.0,2.0,1,2,3,2,2,2,0,0,0.0,0.0,2.0,0.5,4.5,0.0,0.0,0.25
214.75,4,1,4,5,3,2,3,2,4.0,1.25,3.5,1.75,2.0,0.0,0.0,0.0,4,3,3,5,4,1,1,3,7.0,0.0,2.0,3.75,7.5,0.0,1.5,1.5
245.75,4,1,4,5,4,1,2,0,2.5,4.75,2.5,1.5,6.0,4.25,0.5,6.0,3,1,3,4,4,0,2,3,5.0,2.5,3.0,3.75,5.0,0.0,6.0,4.0
176.0,2,0,3,5,3,2,0,2,2.25,0.5,3.0,6.0,6.75,0.0,0.0,0.0,2,2,1,2,3,2,1,3,2.0,0.0,0.75,5.0,8.0,0.0,1.5,1.75
142.5,1,2,2,3,4,2,2,1,3.75,0.5,1.0,4.5,4.0,0.0,0.5,0.25,1,2,2,2,3,1,1,2,2.5,0.0,0.5,3.75,4.25,0.0,1.5,0.0
184.75,3,1,4,4,4,2,2,1,1.0,0.25,5.25,5.25,5.0,0.0,0.0,1.75,1,2,3,3,4,1,1,3,1.5,0.0,3.75,5.5,5.5,0.0,0.0,1.0
131.0,2,1,3,4,2,0,2,1,3.25,1.5,3.25,4.25,4.75,2.0,0.0,0.0,3,1,1,1,4,0,1,1,1.0,0.25,0.0,2.0,4.5,0.0,0.0,1.25
155.75,2,2,3,5,1,2,1,1,3.5,3.0,1.5,2.75,1.5,0.0,0.5,0.5,2,1,1,3,4,1,2,2,3.25,0.0,2.0,4.25,6.25,0.0,0.0,0.0
205.25,1,1,4,5,4,2,3,2,2.5,5.0,5.25,3.5,5.0,0.0,2.5,1.0,3,2,3,5,3,0,1,4,1.0,0.0,3.75,4.25,5.25,0.0,1.5,0.5
350.0,2,2,4,5,5,3,3,3,6.5,8.75,5.25,6.0,4.5,3.25,5.5,4.75,4,2,4,4,4,2,5,4,3.5,6.25,2.0,6.0,4.5,6.0,9.0,2.75
274.0,3,2,4,4,4,1,5,2,3.5,8.0,2.0,2.5,7.0,6.0,3.5,3.0,3,4,3,4,3,3,0,4,4.0,4.0,2.5,6.75,6.25,0.0,2.5,1.0
245.0,2,4,4,4,4,3,2,3,0.5,5.5,5.0,3.0,4.75,6.0,1.25,4.5,3,4,4,2,4,2,2,3,4.25,4.25,0.75,3.75,3.75,1.5,0.0,1.75
273.25,3,1,2,4,5,2,3,3,5.0,6.75,4.25,6.5,6.0,0.0,6.0,2.25,2,2,3,4,3,1,2,5,2.5,5.0,6.0,6.25,7.25,0.0,0.5,1.75
199.5,1,0,4,5,4,0,2,2,3.25,6.0,4.75,3.0,4.5,0.0,1.75,3.75,3,1,2,4,4,0,1,3,1.75,0.0,0.5,6.0,6.75,0.0,1.5,2.0
317.25,5,2,5,4,3,0,4,3,7.0,7.0,6.5,8.0,3.5,3.0,3.5,3.75,4,1,3,4,4,3,3,3,5.0,4.5,1.0,9.75,7.25,0.0,3.75,4.0
114.5,1,0,3,3,1,0,2,0,3.5,1.75,0.5,3.5,3.0,0.0,0.5,0.0,3,1,1,3,3,0,0,1,1.5,0.0,0.75,4.75,3.5,0.0,0.5,0.0
112.75,1,1,2,4,3,0,1,0,1.5,1.0,3.75,3.25,3.25,0.0,1.5,1.25,3,2,4,1,2,1,0,2,1.75,0.0,0.0,0.5,2.0,0.0,0.0,0.0
244.0,3,0,5,5,4,2,4,3,4.5,2.75,4.25,5.75,3.25,0.0,2.5,1.75,4,1,3,4,5,2,2,2,2.5,0.75,0.25,7.75,8.0,0.0,2.5,2.75
